﻿Designator,Quantity,Value,Footprint,Package,MPN,DNP,Mount_Type,Description,Purpose,MF,Description_1,Price,SnapEDA_Link,MP,Purchase-URL,Availability,Check_prices,MANUFACTURER
BT1,1,Battery,PinHeader_1x02_P2.54mm_Vertical,,,,tht,Multiple-cell battery,,,,,,,,,,
"C1, C2",2,22pF,C_0805_2012Metric,,,,smt,Unpolarized capacitor,,,,,,,,,,
"C3, C4",2,0.1uF,C_0805_2012Metric,,,,smt,Unpolarized capacitor,,,,,,,,,,
C5,1,100nF,C_0805_2012Metric,,,,smt,Polarized capacitor,,,,,,,,,,
"D1, D2",2,LED,LED_0805_2012Metric,,,,smt,Light emitting diode,,,,,,,,,,
"H1, H2, H3, H4",4,MountingHole,MountingHole_2.1mm,,,,tht,Mounting Hole without connection,,,,,,,,,,
"J1, J2",2,Conn_01x04_Pin,PinHeader_1x04_P2.54mm_Vertical,,,,tht,"Generic connector, single row, 01x04, script generated",[J1]I2C; [J2]Serial UART,,,,,,,,,
J3,1,Conn_01x09,PinHeader_1x09_P2.54mm_Vertical,,,,tht,"Generic connector, single row, 01x09, script generated (kicad-library-utils/schlib/autogen/connector/)",GPIO,,,,,,,,,
J4,1,Conn_02x03_Odd_Even,PinHeader_2x03_P2.54mm_Vertical,,,,tht,"Generic connector, double row, 02x03, odd/even pin numbering scheme (row 1 odd numbers, row 2 even numbers), script generated (kicad-library-utils/schlib/autogen/connector/)",ICSP,,,,,,,,,
"R1, R2",2,4.7K,R_0805_2012Metric,,,,smt,Resistor,,,,,,,,,,
"R3, R5",2,330,R_0805_2012Metric,,,,smt,Resistor,,,,,,,,,,
"R4, R6, R7",3,10K,R_0805_2012Metric,,,,smt,Resistor,,,,,,,,,,
"U1, U2",2,24LC1025,SOIC-8_5.23x5.23mm_P1.27mm,,,,smt,"I2C Serial EEPROM, 1024Kb, DIP-8/SOIC-8/TSSOP-8/DFN-8",,,,,,,,,,
U3,1,DS1337S_T_R,SOIC127P600X175-8N,SOIC-8 Maxim,,,smt,,,Analog Devices,"
Real Time Clock (RTC) IC Clock/Calendar - I²C, 2-Wire Serial 8-SOIC (0.154, 3.90mm Width)
",None,https://www.snapeda.com/parts/DS1337S+T/Analog+Devices/view-part/?ref=snap,DS1337S+T,https://www.snapeda.com/api/url_track_click_mouser/?unipart_id=3218567&manufacturer=Analog Devices&part_name=DS1337S+T&search_term=ds1337s,Not in stock,https://www.snapeda.com/parts/DS1337S+T/Analog+Devices/view-part/?ref=eda,
U4,1,ATMEGA328P-AN,QFP80P900X900X120-32N,TQFP-32 Microchip,,,smt,,,Microchip,"
AVR AVR® ATmega Microcontroller IC 8-Bit 20MHz 32KB (16K x 16) FLASH 32-TQFP (7x7)
",None,https://www.snapeda.com/parts/ATMEGA328P-AN/Microchip/view-part/?ref=snap,ATMEGA328P-AN,,In Stock,https://www.snapeda.com/parts/ATMEGA328P-AN/Microchip/view-part/?ref=eda,Atmel
Y1,1,32.768 KHz,Crystal_SMD_5032-2Pin_5.0x3.2mm_HandSoldering,,,,smt,Two pin crystal,,,,,,,,,,
Y2,1,16 MHz,Crystal_SMD_5032-2Pin_5.0x3.2mm_HandSoldering,,,,smt,Two pin crystal,,,,,,,,,,
