﻿pos_x,pos_y,rotation,side,designator,mpn,pack,footprint,value,mount_type,place
122.688,-88.4936,0.0,top,BT1,,,PinHeader_1x02_P2.54mm_Vertical,Battery,tht,True
153.168,-97.8916,180.0,top,C1,,,C_0805_2012Metric,22pF,smt,True
143.135,-80.7466,0.0,top,C2,,,C_0805_2012Metric,22pF,smt,True
138.817,-80.7466,0.0,top,C3,,,C_0805_2012Metric,0.1uF,smt,True
153.168,-101.7016,180.0,top,C4,,,C_0805_2012Metric,0.1uF,smt,True
147.834,-80.7466,0.0,top,C5,,,C_0805_2012Metric,100nF,smt,True
157.613,-80.8736,0.0,top,D1,,,LED_0805_2012Metric,LED,smt,True
153.168,-80.8736,0.0,top,D2,,,LED_0805_2012Metric,LED,smt,True
122.307,-81.1276,0.0,top,H1,,,MountingHole_2.1mm,MountingHole,tht,False
122.307,-106.7816,0.0,top,H2,,,MountingHole_2.1mm,MountingHole,tht,False
166.884,-106.7816,0.0,top,H3,,,MountingHole_2.1mm,MountingHole,tht,False
166.884,-81.1276,0.0,top,H4,,,MountingHole_2.1mm,MountingHole,tht,False
167.0618,-94.8282,0.0,top,J1,,,PinHeader_1x04_P2.54mm_Vertical,Conn_01x04_Pin,tht,True
152.533,-106.7816,90.0,top,J2,,,PinHeader_1x04_P2.54mm_Vertical,Conn_01x04_Pin,tht,True
127.26,-106.7816,90.0,top,J3,,,PinHeader_1x09_P2.54mm_Vertical,Conn_01x09,tht,True
164.466,-85.8416,0.0,top,J4,,,PinHeader_2x03_P2.54mm_Vertical,Conn_02x03_Odd_Even,tht,True
153.168,-92.8116,180.0,top,R1,,,R_0805_2012Metric,4.7K,smt,True
153.168,-89.2556,180.0,top,R2,,,R_0805_2012Metric,4.7K,smt,True
153.168,-84.8106,0.0,top,R3,,,R_0805_2012Metric,330,smt,True
157.867,-89.2556,0.0,top,R4,,,R_0805_2012Metric,10K,smt,True
157.613,-84.8106,180.0,top,R5,,,R_0805_2012Metric,330,smt,True
132.6702,-102.743,0.0,top,R6,,,R_0805_2012Metric,10K,smt,True
128.5554,-102.743,0.0,top,R7,,,R_0805_2012Metric,10K,smt,True
130.181,-82.6516,0.0,top,U1,,,SOIC-8_5.23x5.23mm_P1.27mm,24LC1025,smt,True
130.054,-90.6526,0.0,top,U2,,,SOIC-8_5.23x5.23mm_P1.27mm,24LC1025,smt,True
130.509,-98.7806,0.0,top,U3,,SOIC-8 Maxim,SOIC127P600X175-8N,DS1337S_T_R,smt,True
143.262,-90.0176,0.0,top,U4,,TQFP-32 Microchip,QFP80P900X900X120-32N,ATMEGA328P-AN,smt,True
122.434,-99.5426,90.0,top,Y1,,,Crystal_SMD_5032-2Pin_5.0x3.2mm_HandSoldering,32.768 KHz,smt,True
142.119,-100.1776,180.0,top,Y2,,,Crystal_SMD_5032-2Pin_5.0x3.2mm_HandSoldering,16 MHz,smt,True
